ID	Name	Name Translation	Message	Message Translation	Description	Description Translation
1	of Galadriel	Галадриэли	The {kind} well{s} with clear light...	{kind} озаряется чистым светом...	A small crystal phial containing the light of Eärendil's Star.  Its light is imperishable, and near it darkness cannot endure.	Маленький хрустальный фиал, содержащий свет Звезды Эарендила внутри. Излучаемый им свет негасим, и тьма возле него отступает. 'Тебя, хранитель, я одариваю последним...'
2	of Elendil	Элендила	The {kind} shine{s} brightly...	{kind} ярко сверкает...	The shining Star of the North, a treasured heirloom of Elendil's house.	Блистающая Звезда Запада, наследство дома Элендила.  'А перед всеми шел Арагорн - и на лбу его горела звезда Элендила.'
3	of Thráin	Трейна	The {kind} form{s} an image in your mind...	{kind} формирует изображение у вас в голове...	A great globe seemingly filled with moonlight, the famed Heart of the Mountain.  It splinters the light that falls upon it into ten thousand sparks of white radiance shot with glints of the rainbow.	Большой шар, кажущийся наполненным лунным светом, знаменитое Сердце Горы, разбивающее падающий на него свет на тысячи ярких лучей. 'Аркенстон, Аркенстон! Словно шар с тысячью граней. Он сиял, как серебро, освещенное пламенем, как вода в солнечный день, как снег под звездами, как капли дождя при свете луны!'
4	of Carlammas	Карлеммаса	The {kind} let{s} out a shrill wail...	{kind} издает протяжный стон...	A fiery circle of bronze, with mighty spells to ward off and banish evil.	Огненно-бронзовый круг с заклинаниями, защищающими от зла.
5	of Ingwë	Ингве	The {kind} flood{s} the area with goodness...	{kind} заполняет подземелье добром...	The ancient heirloom of Ingwë, high lord of the Vanyar, against whom nothing of evil could stand.	Старинный амулет Ингве, правителя Ваньяр, который может победить любое зло в этом мире. '...И самой высокой башней этого города стала башня Ингве, Миндон Эльдалие, чей серебряный светильник был виден далеко за туманами моря. Немногим из кораблей смертных людей довелось увидеть его тонкий луч!'
6	of the Dwarves	'Наугламир'			The Nauglamír, a carcanet of gold set with a multitude of shining gems of Valinor.  The radiant Silmaril of Fëanor hangs in its midst as its crowning glory.  The sturdy spirits of Dwarvish craftsmen who labored long in mountain smithies lie within it still, and as gossamer it rests upon the bearer.	Самая знаменитая из работ гномов, в которую был позже вставлен Сильмарилл. 'Это был золотой обруч с вправленными в него бесчисленными драгоценными камнями из Валинора, но в нем имелся некий секрет, так что носить его было не тяжелее, чем льняную прядь, и какую бы шею он ни охватывал, это выглядело всегда изящно и красиво.'
7	of Westernesse	Вестерноса	The {kind} glow{s} a deep green...	{kind} светится глубоким зеленым...	A great globe with a heart of fire, the Palantír provides the wearer with sight of far places - at a cost, for those espied upon are aware of it.	Блестящий белый шар из неразбиваемого хрусталя. Древние Палантиры использовались королями Нуменора, а позже - Изгнанниками для быстрого сообщения между дальними землями. Ничто не будет скрыто от смотрящего в Палантир, но наблюдаемый будет знать о наблюдателе, как знал Саурон, когда Саруман пытался шпионить за ним с помощью этого Палантира. 'Эти камни были подарены Амандилу, отцу Элендила, как утешение Верным Нуменора в недобрые для них дни. Такие камни назывались Палантиры - Видящие далеко.'
8	of Barahir	Бараира			Twinned serpents with eyes of emerald meet beneath a crown of flowers to form this ring, an ancient treasure of Isildur's house.	Одно из стариннейших сокровищ дома Исилдура. '...Слова его звучали гордо, и все взгляды обратились на кольцо; в нем сверкнули зеленые камни, творение Нолдор в Валиноре. Это кольцо формой было подобно двум змеям с изумрудными глазами, и головы их встречались под короной из золотых цветов, которую одна поддерживала, а другая пожирала. То был знак Финарфина и его рода.'
9	of Tulkas	Тулкаса	The {kind} glow{s} brightly...	{kind} ярко светится...	The treasure of Tulkas, most fleet and wrathful of the Valar.	Сокровище Тулкаса, самого доблестного и яростного из Валар. 'Волосы и борода Тулкаса золотые, а лицо красное. Оружием ему служат собственные руки.  Его мало интересуют и прошлое, и будущее. От него, как от советчика, мало пользы, но он - надежный друг.'
10	'Narya'	Власти 'Нарья'	{name} glows deep red...	{name} светится глубоким красным...	The Ring of Fire, made of gold and set with a ruby that glows like flame.  Narya is one of the three Rings of Power created by Celebrimbor and hidden by the Elves from Sauron.	Кольцо Огня, с рубином, горящим ярче пламени. Нарья - одно из Трех Колец, созданных эльфами и скрытых ими от Саурона.
11	'Nenya'	Власти 'Нэнья'	{name} glows bright white...	{name} светится ярко-белым...	The Ring of Adamant, made of mithril with a pure white stone as centerpiece.  Nenya is one of the three Rings of Power created by Celebrimbor and hidden by the Elves from Sauron.	Кольцо Адаманта, украшенное чистым белым камнем. Нэнья - одно из Трех Колец, созданных эльфами и скрытых ими от Саурона.
12	'Vilya'	Власти 'Вилья'	{name} glows deep blue...	{name} светится глубоким синим...	The Ring of Sapphire, made of gold with a brilliant blue gem that shines like stars.  It glitters untouchable despite all that Morgoth ever wrought.  Vilya is one of the three Rings of Power created by Celebrimbor and hidden by the Elves from Sauron.	Кольцо Сапфира, камень которого сверкает ярче звезд, как вызов всей злобе Моргота. Вилья - одно из Трех Колец, созданных эльфами и скрытых ими от Саурона.
13	'The One Ring'	Всевластья	{name} glows intensely black...	{name} светится черным...	"One Ring to rule them all, One Ring to find them, One Ring to bring them all and in the darkness bind them."  Made of massive gold, and inscribed with hidden runes in the foul speech of Mordor, Isildur's Bane possesses powers so great that it inevitably twists and masters any mortal being who wears it.	'Одно Кольцо покорит их, Одно Кольцо соберет их, Одно Кольцо найдет их и в черную цепь скует их.' Сделанное из массивного золота и исписанное рунами на злом языке Мордора, Проклятье Исилдура обладает силами настолько великими, что оно неизбежно порабощает любое существо, владеющее им.
14	'Elessar'	'Элессар'	You feel a warm tingling inside...	Вы чувствуете теплое покалывание...	A green stone, imbued with the power of Elvendom and the light of the Sun.  Those who gaze through it see the aged and infirm as young again, and its wearer brings healing after victory in battle.	Зеленый берилл, выточенный эльфами, подаренный настояму Королю Людей для исцеления после победы в битве. '...Этот камень я [Галадриэль] дала своей дочери Келебрайне, а та - своей, но теперь он переходит к тебе как символ надежды. И в этот час прими имя, предсказанное тебе, Элессар - Эльфийский Берилл дома Элендила.'
15	'Evenstar'	'Вечерняя Звезда'	Your {kind} glow{s} a deep red...	Ваш {kind} светится глубоким красным...	A plain white jewel, given by Queen Arwen to Frodo Baggins before his return to the Shire.	Простой белый камень, подаренный Королевой Арвен Фродо Бэггинсу перед его возвращением в Шир.
16	'Razorback'	'Отвратитель Лезвий'	Lightning surrounds your {kind}!	Молния обволакивает ваш {kind}!	A massive suit of heavy dragon scales deeply saturated with many colors.   It throbs with angry energies, and you feel the raw elemental might of untamed Lightning as you put it on.	Тяжелые доспехи из чешуй дракона, глубоко окрашенные всеми цветами. Вы чувствуете в себе дикие и необузданные силы Молнии, надевая их.
17	'Bladeturner'	'Крушитель Клинков'	{name} glow{s} many colors...	{name} светится всеми цветами...	An adamant suit with scales of every color.  Untrammelled powers elemental and ethereal swirl around it in an inextricably intermingled nimbus.	Доспехи из адаманта, с дракониьми чешуями всех цветов, окруженные всесокрушающими силами элементов и эфира.
18	'Mediator'	'Равновесие'	Lightning surrounds your {kind}!	Молния обволакивает ваш {kind}!	A great suit of dragon hide, set with scales of many hues.  Even the mightiest wyrms of Law and Chaos fear the judgement of its wearer.	Доспехи из чешуи могучего змея. Даже самые могущественные драконы Порядка и Хаоса страшатся правосудия из владельца.
19	'Soulkeeper'	'Хранитель Душ'	{name} glows a bright white...	{name} светится ярко-белым...	A suit of imperishable adamant with unconquerable strength to endure evil and disruptive magics.  It protects the life force of its wearer as nothing else can.	Броня из нерушимого адаманта, защищающая от любой злой и разрушительной магии, сохраняющая жизненную силу владельца, как ничто более не смогло бы.
20	of Isildur	Исилдура			A gleaming steel suit covering the wearer from neck to foot, with runes of warding and stability deeply engraved into its surface.	Доспехи из блестящей стали, защищающие владельца от шеи до ступней, с рунами защиты и стабильности, глубоко занесенными на поверхность.
21	of the Rohirrim	Рохиррим			Small steel plates cover an inner layer of sturdy canvas, and both metal and cloth bear scenes of hunting and war.  As you don the armour of Eorl the Young, matchless in combat, you feel his spirit surround you.	Маленькие металлические пластинки на слое прочного полотна, изукрашенные сценами охоты и сражений. Вы чувствуете дух Эорла Юного, несравненного в бою, надевая его доспехи.
22	'Belegennon'	'Белегеннон'	{name} twists space around you...	{name} искривляет пространство вокруг вас...	This wondrous suit of fine-linked chain shimmers as though of pure silver.  It stands untouched amidst the fury of the elements, and a power of concealment rests within.	Эта чудесная кольчуга сверкает, как чистое серебро. Она выстоит против любой ярости элементов, и сила спокойствия лежит внутри нее.
23	of Celeborn	Келеборна	Your {kind} glow{s} deep blue...	Ваш {kind} светится глубоким синим...	A shimmering suit of true-silver, forged long ago by dwarven smiths of legend. It gleams with purest white as you gaze upon it, and mighty are its powers to protect and banish.	Ярко сверкающие доспехи из истинного серебра, выкованные давным-давно гномами-кузнецами легенды. Они светятся чистейшим белым, и их силы защиты легендарны.
24	of Arvedui	Арведуи			A hauberk, leggings, and sleeves of interlocking steel rings, well padded with leather.  You feel as strong and tall as Arvedui, last king of Arnor, as you put it on.	Доспехи из стальных колец, подбитых кожей. Вы чувствуете себя таким же сильным и величавым, как Арведуи, последний король Арнора, надевая их.
25	of Caspanion	Каспаньона	Your {kind} glow{s} bright red...	Ваш {kind} светится ярко-красным...	A hauberk, leggings, and sleeves of interlocking steel rings, strategically reinforced at vital locations with a second layer of chain.  Magics to enhance body and mind lie within, and no door can bar the wearer's path.	Доспехи из стальных колец, кое-где защищенные вторым слоем кольчуги. Магия силы тела и духа лежит на них, и ни одна дверь не сможет более преградить путь ее владельца.
26	of Himring	Химринга	The {kind} let{s} out a shrill wail...	{kind} издает протяжный стон...	In this studded cuirass of pliable leather lives the memory of unvanquished Himring, defiant fortress surrounded by the legions of Morgoth.	В этих простых кожаных доспехах заключена память о несдавшемся Химринге, крепости Маэдроса, окруженной легионами Моргота.
27	'Hithlomir'	'Хитломир'			Familiar with the secret ways hidden in darkness, this leather cuirass is truly more than it appears.	Знакомые с секретами темноты, эти кожаные доспехи заключают в себе больше, чем можно предположить по их виду.
28	'Thalkettoth'	'Талкенттот'			An amazingly light tunic and skirt sewn with thick, overlapping scales of hardened leather.  Those who wear it move with agility and assurance.	Изумительно легкие кожаные доспехи. Носящий их двигается с ловкостью и уверенностью.
29	of Gil-galad	Гил-Гэлада	Your {kind} glow{s} with the light of a thousand stars...	Ваш {kind} вспыхивает светом тысячи звезд...	The legendary shield of Ereinion Gil-galad, who fought his way to the gates of the Dark Tower, and with whom came light even to Gorgoroth.	Легендарный щит Эрейниона Гил-Гэлада, дошедшего до ворот Черной Башни и принесшего свет даже на равнины Горгорота. 'Войско Гил-галада одержало победу. Они вошли в Мордор и осадили крепость Саурона. Они держали осаду семь лет, неся тяжелые потери от огня, стрел и молний врага. Там погиб Анарион и многие другие.'
30	of Thorin	Торина			Invoking the strength and endurance of Thorin, King under the Mountain, this little metal shield is proof against the Element of Earth.	Хранящий силу и стойкость Торина, Короля под Горой, этот железный щит идеально защищает против элемента Земли.
31	of Celegorm	Келегорма			This shield emblazoned with a multitude of creatures unseen for ages once protected Celegorm, Lord of Himlad; around it, a mystic balance lies, containing the conflicts of the elements.	Этот щит, на котором изображены существа, невиданные много веков, когда-то защищал Келегорма, правителя Химлада; вы ощущаете в нем странный баланс, успокаивающий конфликты элементов.
32	of Anárion	Анариона			The great metal-bound shield of Elendil's younger son Anárion, whom even Sauron could not corrupt.	Большой щит Анариона, сына Элендила, которого сам Саурон не смог повергнуть или ослабить.
33	of Celebrimbor	Селебримбэра			A metal cap forged by the greatest Noldorin smith of the Second Age, this helm serves equally well in battle or at the forge, and its enchantment will never be diminished.	Головной убор величайшего Нолдорского кузнеца Второй Эпохи. Этот шлем будет полезен и в бою, и в кузнице, и его чары не могут померкнуть. 'Эльфы [Келебримбора из Остранны] в те времена изготовили Три Кольца, которые обладали величайшим могуществом, и назывались они Нарья, Нэнья и Вилья - Кольцо Огня, Кольцо Воды и Кольцо Воздуха, в них были вправлены рубин, алмаз и сапфир.'
34	of Morgoth	Моргота			Containing much of the power of he who once was mightiest among the Ainur, this plain iron crown has mounted upon it the two remaining Silmarils, greatest treasures of Middle-Earth.	Два Сильмарилла Феанора сверкают из огромной железной короны. Металл на ощупь кажется жарким как адское пламя и холодным как Внешняя Тьма. Одно отверстие в ней пусто; в нем мог сверкать третий камень. 'Черная тень пала на Белерианд, и в Ангбэнде Моргот выковал огромную железную корону и провозгласил себя королем мира. И в знак этого он вправил Сильмариллы в свою корону.'
35	of Berúthiel	Берутиэли			The midnight-hued steel circlet of the sorceress-queen Berúthiel.  It grants extraordinary powers of sight and awareness at a terrible physical cost.	Черный стальной обруч королевы-колдуньи Берутиэли, дающий ненормальные силы предвидения за ужасную физическую цену.
36	of Thranduil	Трандуила			The hunting cap of King Thranduil, to whose ears come all the secrets of his forest domain.	Шапка короля Трандуила, до чьих ушей доходили все секреты его леса.
37	of Thengel	Тенгела			A ridged helmet made of steel and embossed with scenes of valor in fine-engraved silver.  It grants the wearer nobility and understanding.	Стальной шлем, украшенный серебряными гравюрами. Он дает владельцу благородство и мудрость.
38	of Hammerhand	Хельма			A great helm, as steady and as distinctive as the hero of the Westdike.  Many long months was Helm Hammerhand besieged in the Hornburg, yet he strode out time and again among his foes and slew many.  Although they knew of his coming, none could stand against him. 	Огромный шлем, похожий на своего владельца, героя Вестдайка. Долгие месяцы Хельм был осажден в Горнбурге, но он много раз выбирался из него к своим врагам и сражал многих, и хотя они знали о его приближении, никто не мог выстоять перед ним.
39	of Dor-Lómin	Дор-Ломина			The legendary Dragon-helm, forged by one of the legendary Dwarven smiths of the First Age.  The visage of mighty Glaurung forms its crest, and the mere sight of the helm, borne by Túrin Turambar, struck dread into the hearts of the servants of Morgoth.	Легендарный драконий шлем Турина Турамбара, предмет ужаса прислужников Моргота. 'А когда эльфы тронулись в обратный путь, Морвен послала вместе с ними шлем дракона из Дор-Ломина, наследственную реликвию дома Хадора.'
40	'Holhenneth'	'Холхеннет'	{name} forms an image in your mind...	{name} формирует изображение у вас в голове...	A famous forged iron helm granting extraordinary powers of mind and awareness.	Знаменитый шлем, дающий необычные силы разума и предвидения.
41	of Gorlim	Горлима			A headpiece, gaudy and barbaric, that betrayed a warrior when he most needed succor.	Железный шлем, большой и грубый, предавший воина, когда ему больше всего требовалась помощь. 'Вернувшись с войны на границах, Горлим нашел свой дом разграбленным, жена же его исчезла, и он не знал, убита ли она или захвачена в плен. Тогда он ушел к Бараиру и из его товарищей был самым свирепым и отчаянным, но сомнения терзали его сердце: может быть, Эйлинель не умерла.  Иногда Горлим тайно уходил один и посещал свой дом, которым он владел когда-то, все еще стоявший среди полей и лесов. И это стало известно слугам Моргота.'
42	of Gondor	Гондора	You feel a warm tingling inside...	Вы чувствуете теплое покалывание...	From dying Númenor, Elendil brought this shining winged circlet, emblem of Gondor through an age of the world.	Блистающий золотой обруч, спасенный Элендилом из погибающего Нуменора - эмблема Гондора во все эпохи мира.
43	of Númenor	Нуменора			A massive golden crown, set with wondrous jewels of thought and warding, once worn by the kings of ancient Númenor.	Корона из тяжелого золота, украшенная изумительными камнями мысли и защиты, носимая королями древнего Нуменора. Ее владелец может идти в бой, всегда зная, что он встретит - если его гордыня не ослепит его.
44	'Colluin'	'Коллуин'	{name} glows many colours...	{name} светится всеми цветами...	A cape worn by a hero from Valinor, a land utterly beyond the strife of Elements.	Плащ героя из Валинора - земли, недосягаемой для ярости элементов.
45	'Holcolleth'	'Холколлет'	{name} glows deep blue...	{name} светится глубоким синим...	This elven-grey mantle possesses great powers of tranquility and concealment, and grants the wearer the knowledge and understanding of the Sindar.	Эта серая эльфийская мантия обладает огромными силами спокойствия и сокрытия, и дает носящему ее знания Синдар.
46	of Thingol	Тингола	Your {kind} glow{s} bright yellow...	Ваш {kind} светится ярко-желтым...	A translucent cloak of pearly grey with glowing, energized Elven runes showing calm and clear as moonlight on still water.	Полупрозрачный жемчужно-серый плащ, с эльфийскими рунами восстановления магии, спокойный и чистый, как лунный свет в воде.
47	of Thorongil	Торонгиля			This shimmering cloak of greens and browns was once worn by the young Aragorn, a keen-eyed captain of Rohan and Gondor, valiant on both land and sea.	Этот сверкающий плащ зеленых и коричневых оттенков носился молодым Арагорном, будущим правителем Гондора, когда он носил имя Торонгиля.
48	'Colannon'	'Коланнон'	Your {kind} twist{s} space around you.	Ваш {kind} распрямляет пространство вокруг вас.	A crystal-blue cape of fine silk worn by a silent messenger of the forces of Law.  Seldom will its wearer be diverted from his mission.	Хрустально-синий шелковый плащ, носимый тихим посланцем сил Порядка. Редко будет его владелец сбиваться с пути.
49	of Lúthien	Лучиэни	Your {kind} glow{s} a deep red...	Ваш {kind} светится глубоким красным...	The opaque midnight folds of this cloak, inlaid with a multitude of tiny diamonds, swirl around you, and you feel a hint, a fragment of the restorative magics of Lúthien, the most beautiful being who ever knew death.	Темная ткань этого плаща со множеством крошечных алмазов струится около вас, и вы чувствуете остатки знаний и сил восстановления Лучиэни, красивейшего из существ, познавших смерть.
50	of Tuor	Туора			From the ruin of Gondolin, through secret ways and travail, did Tuor escape, mantled by sea-commanding Ulmo's kingly gift from a multitude of hostile eyes.	Из руин Гондолина спасся Туор через секретные пути, этим подарком Ульмо скрывшийся от враждебных глаз.
51	of Eöl	Эола	Your {kind} glow{s} white...	Ваш {kind} светится белым...	The iron-shod gauntlets of the Dark Elven smith Eöl, who imbued them with magics he could channel in battle.	Эти железные перчатки кузнеца Темных Эльфов Эола светятся магией, которую он мог использовать в бою. 'Но теперь деревья Нан Эльмота стали выше и угрюмее всех других в Белерианде, и солнце никогда не проникало туда. И там жил Эол, прозывавшийся Темным Эльфом.'
52	'Cambeleg'	'Кембелег'			A hero's handgear that lends great prowess in battle.	Перчатки героя, невероятно полезные в бою.
53	'Cammithrim'	'Кеммитрим'	{name} glows very brightly...	{name} светится очень ярко...	These gloves glow so brightly as to light the way for the wearer and cast magical bolts with great frequency.	Эти перчатки освещают вам путь, и могут колдовать волшебные стрелы с огромной частотой.
54	'Paurhach'	'Пархах'	Your {kind} {is} covered in fire...	Ваш {kind} покрывается пламенем...	A set of gauntlets that smoulder with an unnatural heat.	Эти железные перчатки пылают неестественным жаром.
55	'Paurnimmen'	'Парниммен'	Your {kind} {is} covered in frost...	Ваш {kind} излучает холод...	A set of handgear, freezing with unnatural cold.	Эти железные перчатки неестественно холодны.
56	'Pauraegen'	'Пареген'	Your {kind} {is} covered in sparks...	Ваш {kind} сыплет искрами...	A set of handgear with sparks that crackle across its knuckleguards.	Между этими железными перчатками проскакивают искры.
57	'Paurnen'	'Парнен'	Your {kind} {is} covered in acid...	Ваш {kind} покрывается кислотой...	A set of gauntlets that give off a foul, acrid odour yet remain untarnished.	Эти железные перчатки пахнут противным кислым запахом.
58	'Camlost'	'Кемлост'			A pair of weakening gauntlets, named after Beren, who returned to Thingol having lost to Carcharoth the hand that clasped a Silmaril.	Пара проклятых перчаток, делающих владельца беспомощным в бою, названная в честь пустой руки Берена, державшей Сильмарилл. 'Берен протянул свою левую руку и медленно разжал пальцы, но рука была пуста. И он поднял правую руку, и с того часа стал называть себя Кемлостом, Пусторуким.'
59	of Fingolfin	Фингольфина	Your {kind} grow{s} magical spikes...	Ваш {kind} покрывается шипами...	The hand-sheathing of Fingolfin, the Elven warrior-king, who dealt Morgoth seven mighty wounds and pain that will last until the end of Arda.	Перчатки Фингольфина, короля эльфов и людей, нанесшего Морготу семь ужасных ран, и боль, которая не пройдет никогда. 'Много раз пытался Моргот поразить Фингольфина, но все время тот отскакивал, быстрый, как молния из черной тучи. И он нанес Морготу семь ран, и семь раз Моргот издавал крик страдания, а войско Ангбанда при этом падало в ужасе ниц, и эхо северных стран вторило криком.'
60	of Fëanor	Феанора	Your {kind} glow{s} bright green...	Ваш {kind} светится ярко-зеленым...	This wondrous pair of leather boots once sped Fëanor, creator of the Silmarils and the mightiest of the Eldar, to fulfill his hero's challenge and do battle for a Middle-Earth held in thrall.  "Dear-bought those songs shall be accounted, and yet shall be well-bought.  For the price could be no other."	Эти чудесные ботинки когда-то несли Феанора, создателя Сильмариллов и величайшего из Эльдаров, в порабощенное Средиземье. 'Дорого будут куплены эти песни, но иной цены быть уже не может!'
61	'Dal-i-thalion'	'Дал-и-талион'	Your {kind} glow{s} deep blue...	Ваш {kind} светится глубоким синим...	A pair of high-laced shoes, bestowing of extraordinary agility and proof against the powers of corruption and withering.	Пара высоких туфель, помогающих устоять против сил разрушения и устрашения и дающих владельцу непревзойденную ловкость.
62	of Thrór	Трора			Sturdy footwear of leather and steel as enduring as the long-suffering Dwarven king-in-exile who wore them.	Прочные сапоги из кожи и стали, принадлежавшие гномьему королю-изгнаннику.
63	of Wormtongue	Гнилоуста	Your {kind} twist{s} space around you.	Ваш {kind} искривляет пространство вокруг вас...	A pair of running shoes once used by the treacherous Gríma son of Gálmód, the Wormtongue of Edoras.  They are aptly suited for a messenger, a servant, a spy... or a coward.	Пара туфель, носимых предателем Гримой, сыном Гальмода, Гнилоустом из Эдораса. Они хорошо подойдут посланнику, слуге, шпиону... или трусу.
64	of Maedhros	Маэдроса			A short thrusting blade with a large guard worn by the eldest son of Fëanor, Maedhros the Tall, who lost his right hand while escaping from Angband.	Короткий клинок, которым сражался левой рукой Маэдрос Высокий, старший сын Феанора, потерявший правую руку в заключении в Ангбэнде. '...Но Фингон не смог освободить его запястья от адских оков: ни рассечь их, ни вырвать из камня.  И потому в своем страдании Маэдрос снова просил Фингона убить его, но Фингон отсек ему руку выше запястья, и Торондор унес их обоих в Митрим.'
65	'Angrist'	'Ангрист'			Forged by Telchar, greatest of Dwarven smiths, and used by Beren to gouge a Silmaril out of Morgoth's crown, this long chopping dagger slices through ordinary metal as easily as its name, "Iron Cleaver", suggests.	Выкованный из метеоритного железа, этот длинный кинжал разрубает металл так же легко, как его имя - "Расщепитель Железа" - позволяет предполагать. 'Затем он [Берен] выхватил нож Ангрист и вырезал один Сильмарилл из железной оправы, удерживающей его.'
66	'Narthanc'	'Нартанк'	{name} is covered in fire...	{name} покрывается пламенем...	Instead of a blade, a flame seems to emerge from this dagger's hilt.	Из рукояти этого кинжала, кажется, исходит само пламя.
67	'Nimthanc'	'Нимтанк'	{name} is covered in frost...	{name} излучает холод...	From the hilt of this dagger springs not so much a blade as an icicle.	Из рукояти этого кинжала, кажется, исходит сосулька вместо клинка.
68	'Dethanc'	'Dethanc'	{name} is covered in sparks...	{name} сыплет искрами...	In this dagger is bound the very force of lightning.	В этом неприметном кинжале содержатся силы молнии.
69	of Rilia	Рильи	{name} throws deep green shadows...	{name} отбрасывает глубокие зеленые тени...	A large stiletto dagger that glistens with odorless poison, to which the wearer seems oddly immune.	Большой стилет, отравленный ядом без запаха, к которому его владелец кажется неуязвимым.
70	'Belangil'	'Белангиль'	Your {kind} {is} covered in frost...	Ваш {kind} излучает холод...	A frosty dagger wreathed in a nimbus of ice with a hilt of elk horn and an edge to wound the wind.	Очень холодный кинжал; его покрытое инеем лезвие рассекает ветер.
71	'Calris'	'Калрис'			This sword has runes of power incused on its ornate hilt, and a single blood channel that gleams coldly blue as you grasp this mighty weapon of peril.	Руны власти высечены на рукояти этого меча, и единственная кроваво-красная полоса на нем горит холодным синим, когда вы поднимаете это опасное оружие. Когда-то оно принадлежало Балрогу; сможете ли вы справиться с ним так же хорошо?
72	'Aranrúth'	'Аранрут'	{name} glows a pale blue...	{name} светится бледно-синим...	The beautiful sword of Thingol, justly named "King's Ire".  It glistens icy enough to freeze the hearts of demons, and you feel supple and lightfooted as you clasp its hilt of gold and silver inlay.	Красивый меч короля Тингола, сверкающий льдом, от которого стынут сердца демонов. Вы чувствуете себя легким и быстрым, берясь за его рукоять, украшенную золотом и серебром. ' - Выбирай из всего, что я имею, - сказал Тингол, - не бери лишь Аранрут, мой собственный!'
73	'Glamdring'	'Глемдринг'			This fiery, shining blade, mate to Orcrist, earned its sobriquet "Beater" from dying orcs who dared to behold hidden Gondolin.	Этот клинок, сверкающий огнем, родственник Оркриста, заслужил прозвище "Колотун" у умирающих орков, осмелившихся взглянуть на скрытый Гондолин.
74	'Aeglin'	'Аэглин'			Like unto Orcrist and Glamdring, and like them long lost, this sword is continually covered in tiny arcs of captive lightning that flash and dance eerily in the globes of light they create.	Похожий на Оркрист и Глемдринг, и, как и они, долгое время потерянный, этот меч покрыт крошечными искрами молнии, которые весело мерцают и танцуют в отблесках синего света.
75	'Orcrist'	'Оркрист'			This coldly gleaming blade, mate to Glamdring, is called simply "Biter" by orcs who came to know its power all too well.	Холодно сверкающий клинок, родственник Глемдринга, зовущийся "Кусач" орками, которые слишком хорошо знают его силу.
76	'Gurthang'	'Гуртанг'			A giant sword once wielded by mighty Túrin, and an even greater dragonbane; for what wyrm could stand against the blade that bathed in Glaurung's blood?	Огромный меч, когда-то носимый Турином, и еще большая гроза для драконов;  ибо какой змей выстоит перед клинком, купавшимся в крови Глаурунга? 'С виду Турин был истинным сыном Морвен: темноволосый, бледнокожий, сероглазый, речь и манеры его напоминали о былых вождях Дориата, и потому многие называли Турина Аданеделем, Эльфом-человеком. Искусные кузнецы перековали для него меч Англашель, и Турин дал ему название Гуртанг, Железо Смерти.'
77	'Zarcuthra'	'Заркутра'			Runes dark and deadly stand stark against the naked steel of this awesome weapon, and you feel a wrathful power of slaying and rending as you slowly approach.	Темные смертельные руны горят на голой стали этого могучего оружия, и вы чувствуете яростные силы истребления и разрушения, касаясь его.
78	'Mormegil'	'Мормегиль'			A foul, twisted sword with blackened spines and knobs, its very name is a curse upon the lips of Elves and Men.  It is said that it will drink the very lifeblood of its wielder.	Злой, черный меч, само имя которого - проклятье на губах эльфов и людей. Говорят, что он выпьет кровь своего владельца. '...Из стали зазвенел голос: - Да, я с радостью выпью твою кровь, чтобы я смог забыть кровь Белега, моего хозяина, и кровь Брандира, убитого несправедливо. Я убью тебя быстро!'
79	'Gondricam'	'Гондрикам'			Famed sea-defender of Lebennin.  A short, slightly curved chopping blade with a perfect edge shining cleanly in the sun, an object of hate to the men of Umbar who met it in combat.	Знаменитый морской защитник Лебеннина. Короткий, слегка кривой клинок, с идеальной кромкой, ярко горящий на солнце; предмет ненависти людей Умбара, встретивших его в бою.
80	'Crisdurian'	'Крисдуриан'			A giant's weapon, with a long blade tall and straight thrusting out from a massive double-pronged hilt.  On its blade are written doomspells against both the living and undead.	Оружие гиганта, с длинным прямым клинком и массивной рукоятью. На его клинке написаны заклинания, поражающие живых и мертвых.
81	'Aglarang'	'Агларанг'			An utterly perfect, cleanly chiseled sword, with an edge that effortlessly slices rock and bone, and spells to render the wearer lithe and nimble.  It is combat incarnate.	Идеальный, чистый меч, с кромкой, легко режущей камень и кость, и заклинаниями, делающими владельца ловким и быстрым. Он - воплощение боя.
82	'Ringil'	'Рингиль'	{name} glows an intense blue...	{name} светится насыщенным синим...	The weapon of Fingolfin, High King of the Noldor; it shines like a column of ice lit by light unquenchable.  Morgoth came but unwillingly to meet it of old; his lame foot will remind him of its might should he face it again.	Оружие Фингольфина, Высокого Короля Нолдор; этот меч блистает, как лед, горящий негасимым светом. Моргот против своей воли встретился с ним один раз, и его хромая нога напомнит ему о его силе. 'Он [Моргот] появился, одетый в черные доспехи, и встал перед королем, подобный башне, коронованный железом, и его огромный щит, темный, украшенный гербами, отбрасывал на Фингольфина тень, как грозовое облако. Но Фингольфин светился в ней, подобно звезде, потому что его кольчуга была покрыта серебром, а голубой его щит отделан хрусталем. Он выхватил свой меч Рингиль, блеснувший холодно, как лед...'
83	'Andúril'	'Андрил'	{name} rages in fire...	{name} пылает огнем...	The famed "Flame of the West", the Sword that was Broken and is forged again.  It glows with the essence of fire, its wearer is mighty in combat, and no creature of Sauron can withstand it.	Знаменитое "Пламя Запада", меч, сломанный и выкованный вновь. Он горит ярким огнем, и ни одно существо Саурона не смогло бы противостоять ему. '...В те дни на Севере объявился Наследник Исилдура, и он взял обломок меча Элендила, и в Имладрисе лезвие было сковано заново.'
84	'Anguirel'	'Ангуриэл'			Forged of meteoric iron by Eöl the Dark Elf, and as deadly as any other blade he forged.	Клинок, выкованный из черного галворна, метеоритной стали, кузнецом Эолом; такой же смертельный, как и любое другое его творение. 'Там [у гномов] Эол узнал многое о работе с металлом и стал весьма искусен в ней. Он изобрел металл прочный, как сталь гномов, но такой ковкий, что Эол мог делать его тонким и гибким и все же непроницаемым для любых лезвий и стрел. Этот металл, который Эол назвал Галворн, был черным и блестел подобно агату.'
85	'Elvagil'	'Эльвагиль'			The "Singing Blade", whose wearer can slay Orcs and Trolls in the hidden and secret places of the earth.	"Поющий Клинок", владелец которого может истреблять орков и троллей в скрытых и секретных местах земли.
86	'Forasgil'	'Форасгиль'			A slender, tapered needle of ice that coldly grips its impaled prey.	Длинный ледяной клинок, обжигающий холодом раненых им.
87	'Careth Asdriag'	'Карет Асдриаг'			An heirloom of the dauntless Lords of Rhûn far to the east, and a name of dismay to creatures natural and unnatural.	Наследство Лордов Руна далеко на востоке, которого страшатся как естественные, так и неестественные существа.
88	'Sting'	'Жало'			"I will give you a name, and I shall call you Sting."  The perfect size for Bilbo, and stamped forever by the courage he found in Mirkwood, this sturdy little blade grants the wearer combat prowess and survival abilities he did not know he had.	'Я дам тебе имя, и я назову тебя Жало.' Идеальный размер для Бильбо, память его храбрости в Черном Лесу, этот прочный маленький меч дает владельцу возможности выживать, о которых он и не знал.
89	'Haradekket'	'Харадеккет'			A damascened scimitar that hefts with wondrous ease.  Famed in song as the "Sickle of Harad", and a deadly foe to the undead.	Ятаган, поднимающийся с чудесной легкостью, помянутый в песнях как "Серп Харада".
90	'Dagmor'	'Гилеттар'			A stubby blade worn by Beren, whose horn sounded of old in the glades of Brethil.	Короткий клинок, носимый Береном, чей рог звучал когда-то в Бретиле.
91	'Doomcaller'	'Зов Судьбы'			This weapon of wrath, wrought by a desperate berserker gang, dives hungrily into the yielding flesh of your enemies.  You yourself fall under the shadow of death even as you inflict wounds that will not heal.	Это оружие ярости, заклятое жестоким гневом, голодно врубается в плоть ваших врагов. Вы сами подпадаете под тень смерти, нанося страшные раны, которые нельзя исцелить.
92	of Melkor	Мелькора			A mighty, heavy black spear, once wielded by the Lord of Darkness himself as he came to Valinor in wrath.  Its envenomed bite pierced the Two Trees with wounds that would not heal.	Большое и тяжелое копье, которым Мелькор убил Древа Валинора. 'Тогда мрак Унголиант поднялся до самых корней деревьев, а Мелькор прыгнул на холм и своим черным копьем поразил каждое дерево до самой сердцевины, нанеся им страшные раны. И сок их, как кровь, хлынул наружу и разлился по земле...'
93	of Théoden	Теодена	Your {kind} glow{s} black...	Ваш {kind} светится черным...	The narrow axe head of this weapon would pierce the armour of a very Dragon, and the designs of your enemies stand naked and revealed.	Этот узкий топор может пробить броню дракона, и с ним планы ваших врагов лежат обнаженными и раскрытыми.
94	of Pain	Боли			The massive cleaver that crowns this glaive glows blood-red and black; fell spells of annihilation swirl and dance as you swing death's myrmidon down.	Это массивное оружие светится кроваво-красным и черным; страшные заклятья аннигиляции трепещут вокруг вас, когда вы опускаете этот мирмедон смерти.
95	'Osondir'	'Озондир'			Lordly and tall did Osondir stand against the wrath of giants, and clear-eyed in barrows fell, wielding a halberd glowing ruby red.	Величественным и высоким стоял павший в курганах Озондир против гнева гигантов, со своей рубиново-красной алебардой в руках.
96	'Til-i-arc'	'Тил-и-арк'			Within this long two-handed spear dwell the spirits of frost giants and fire demons, who war forever, fettered by sorcerous binds.	В этой длинной двуручной пике обретаются духи ледяных гигантов и огненных демонов, вечно враждующие.
97	'Aiglos'	'Айглос'	{name} glows an intense blue...	{name} светится насыщенным синим...	The mighty spear of Gil-galad, famed as "Snow-point" in the songs of Elves.  Against it, all the foul corruptions of Sauron dashed in vain.	Могучее копье Гил-Гэлада, известное как "Снежное Острие" в песнях Эльфов, которого страшились прислужники Саурона.
98	of Oromë	Ороме	Your {kind} pulsate{s}...	Ваш {kind} пульсирует...	The thrusting spear of wise Oromë the Vala, strong against giants of frost, and able to pierce rock or flesh with ease.	Копье мудрого Ороме, легко пробивающее и камень, и плоть. 'И Ороме, повелитель зверей, тоже иногда бывал во мраке лишенных света лесов. Он появлялся там как могучий охотник с копьем и луком, безжалостно преследуя чудовищ и падших созданий королевства Мелькора. И белый конь Ороме, Нахар, сверкал во мраке, как серебро.'
99	'Nimloth'	'Нимлот'			A thin spike of thrice-forged steel caps a straight silvan shaft cut from a legendary tree, and spells to break the wills of the undead and strike cold into the breasts of your enemies lay upon this perfectly balanced spear.	Тонкий шип чистой стали венчает серебристую рукоять, вырезанную из легендарного дерева; заклинания, разрушающие волю, движущую живыми мертвецами, лежат на этом идеально сбалансированном копье. '...И Саурон убеждал короля срубить Белое Дерево, Нимлот Прекрасный, который рос перед его дворцом, поскольку оно было напоминанием Эльдар о свете Валинора.'
100	of the Eorlingas	Эорлингов			"Forth Eorlingas!"  To the field of Celebrant, Eorl the Young came beyond hope to save beleaguered Gondor, and from his lance fled massive trolls and dire wolves.	"Вперед, Эорлинги!"  На поле Кормаллена пришел Эорл Юный, когда пропала надежда спасти Гондор, и от его копья бежали тролли и волколаки.
101	of Durin	Дарина			The twin massive axe heads of this ancient demon's dread gleam with mithril inlay telling sagas of endurance.  The powers of Khazad-dûm protect its wielder and slay all evils found underground.	Эта двойная массивная секира, знаменитый предмет ужаса демонов, сверкает мифрилом. Она хранит силы Казад-Дума, чтобы защитить своего владельца, и изничтожить все зло под землей.
102	of Eönwë	Эонве	Your {kind} let{s} out a long, shrill note...	Ваш {kind} издает протяжную ноту...	The axe of Eönwë, leader of the Hosts of the West in the War of Wrath, strikes with icy wrath at the undead, disperses hosts of evil at a word, and grants Maia-like powers of body and mind.	Секира Эонве, который привел армии Запада к вратам Тангородрима, с ледяным гневом врубается в живых мертвецов, уничтожает легионы зла по одному слову, и дает силы тела и разума, подобные Майар. 'Ни в одной истории не рассказывается о марше войска Валар на север в Средиземье, потому что там не было ни одного из эльфов, что жили и мучились в здешнем мире. Силы Валар выступили с запада, и вызов труб Эонве потряс небо...'
103	of Balli Stonehand	Балли Каменной Руки			The twin blades of this weapon were forged in Belegost, and powerful forces to resist and endure lie ready for he who shall wield it once more.	Клинки этого оружия были выкованы в Белегосте, и мощные силы защиты и спасения лежат в нем готовыми для своего нового владельца.
104	'Lotharang'	'Лотаранг'	Your {kind} radiate{s} deep purple...	Ваш {kind} светится глубоким фиолетовым...	A superbly crafted double-bladed axe once borne by Ceruthain, commander of the Rangers of Arnor.	Прекрасно сделанная секира Керутаина, командира Следопытов Арнора.
105	'Mundwine'	'Мэндвайн'			A massive axe with twin razor-sharp heads, so large that it usually requires two hands to wield, with spells to ward off the elements intricately engraved upon its surface in filleted gold.	Массивная секира с двумя острейшими лезвиями, настолько большая, что она обычно требует две руки для использования, с заклинаниями защиты от элементов, написанными на ее поверхности золотом.
106	'Barukkheled'	'Баруккелед'			A royal heirloom of the southern coast, strong in combat against the evil creatures of earth.	Королевское наследство южного берега, эффективное в бою против злых существ нашего мира.
107	of Wrath	Ярости			A massive triple-pronged spear, so great it normally requires two hands to wield, evoking the spirit of Osse who with it pierced legions of evil and undead.	Огромный массивный трезубец, хранящий дух Оссе, кто пронизывал им легионы зла и мертвецов.
108	of Ulmo	Ульмо	Your {kind} glow{s} deep red...	Ваш {kind} светится глубоким красным...	The awesome weapon of the Vala Ulmo, Lord of Waters.  Mightiest of all the powers of good save Manwë himself, Ulmo laughs to scorn the dread powers of the undead, and is utterly in command of the Element of water.	Могучее оружие Ульмо, Властелина Вод. Величайший из сил добра, кроме самого Манве; смех Ульмо обращает в ужас армии Саурона. 'В глубинах океана Ульмо творит музыку, величественную и ужасную. И во всех водных артериях мира слышны отзвуки этой музыки, радостной и печальной, потому что хотя фонтаны, вздымающиеся под солнцем, искрятся радостью, истоки их лежат в полных печали подземных водоемах.'
109	'Avavir'	'Ававир'	{name} pulses a soft white.	{name} светится мягким белым.	Holding elemental powers whose struggles turn this weapon red and purest white, this shining reaper bears within it a power of going forth and returning.	Содержащая силы элементов, пытающиеся сделать это оружие раскаленно-красным и чистейшим белым, эта блестящая коса содержит силы возвращения.
110	of Húrin	Хурина	{name} glows in anger!	{name} горит яростью!	Wielded by Húrin Thalion, last lord of Dor-Lómin at the Battle of Tears Unnumbered.  He stood alone, his friends and kinsmen dead about him, his axe smoking in the black blood of Gothmog's troll-guard.  No less than seventy times, as he slew his foes, did he utter his mighty war-cry: "Aurë entuluva!" - "Day shall come again!"	Оружие Хурина Талиона, последнего властителя Дор-Ломина, в Битве Бесчисленных Слез. Он стоял один, возле тел друзей и родичей, его топор дымился от черной крови троллей Госмога. Семьдесят раз, повергая врага, он повторял свой отчаянный клич: "Ауре Энтулува!" - "День наступит снова!"
111	'Grond'	'Гронд'			The mighty Hammer of the Underworld, blackened by doomspells of shattering.  Its wielder holds the lives of all Morgoth's servants in his hand.	Могучий молот преисподней, черный от заклятий. Тот, кто держит его, держит жизни всех прислужников Моргота в своей руке.
112	'Totila'	'Тотила'	{name} glows in scintillating colours...	{name} светится странными цветами...	A flail whose head befuddles those who stare as you whirl it round and becomes a fiery comet as you bring it down.	Сам вид этого оружия ошарашивает тех, кто смотрит, как вы размахиваете им, и оно становится огненной кометой, когда вы опускаете его.
113	'Thunderfist'	'Громовой Кулак'			The long-lost weapon of Kzurin, Dwarven champion of ancient Belegost Runes of strength adorn its handle, and flames and sparks roar and crackle around its massive head.	Давно утерянное оружие Кзурина, гномьего рыцаря из древнего Белегоста, с рунами силы на рукояти, и огоньками и искрами, трещащими вокруг него.
114	'Bloodspike'	'Кровавый Шип'			You feel strong and firm of foot as you whip its spiked orb around and bathe it in the blood of your foes.	Вы чувствуете странное спокойствие, размахивая этим массивный шаром с шипами на цепи, и омывая его в крови врагов.
115	'Firestar'	'Огненная Звезда'	{name} rages in fire...	{name} пылает огнем...	A famed battle-lord of old with a head as ruddy as embers that can yet rise up in wrath.	Знаменитое оружие прошлого. Его наконечник наливается гневным жаром при виде врагов.
116	'Taratol'	'Таратол'	{name} glows bright green...	{name} светится ярко-зеленым...	A great ridged mace that surrounds you with a nimbus of living lightning.  You remain utterly untouched, even as fat sparks crackle around your fingers and eyebrows.	Огромная булава, окружающая вас нимбом живой молнии; вы, однако, остаетесь незадетыми ей, даже когда толстые искры проскакивают у самых пальцев.
117	of Aulë	Ауле			The wondrous hammer of Aulë, creator of the wise Dwarven lords of old.   It bears demolishing magics that no serpent or demon can withstand, and invokes the strength of mountains to ward off the tumult of the elements.	Чудесный молот Ауле, создателя мудрых Отцов Гномов, содержащий чары разрушения, против которых не сможет выстоять ни один змей или демон, и содержащий силы самих гор для защиты от элементов. 'Посреди Благословенного Королевства находился большой дом Ауле, и он долго трудился там, потому что в сотворении всего в этой стране Ауле играл главную роль. И он создал много прекрасных и совершенных работ - и открыто для всех, и тайно.'
118	'Nar-i-vagil'	'Нар-и-вагиль'			Named for a fiery star and set with priceless gems bearing mystic auras of protection and thought.	Посох, названный в честь большой звезды, и украшенный камнями защиты и мысли. Замечательное оружие странствующего мага.
119	'Eriril'	'Эририль'	Your {kind} glow{s} yellow...	Ваш {kind} светится желтым...	The radiant golden staff of an Istar of legend; this wizard's companion grants keen sight and clear knowledge of many hidden things.	Лучистый золотой посох Истар легенды; этот компаньон мага дает острый взор и ясное знание многих вещей.
120	of Olórin	Олорина	{name} glows brightly...	{name} светится загорается...	A staff tall and sturdy, borne of old by Gandalf.  Rough-hewn runes that invoke the element of Earth stand bold upon its gnarled surface, and no creature who lives in the shadow of mountains can withstand the blows it deals.	Большой прочный посох самого Гэндальфа. Руны элемента Земли вырезаны на его корявой поверхности, и ни одно существо из глубин гор не сможет устоять перед его ударами. 'Самым мудрым из Майяр был Олорин, которого позже звали Митрандиром и Гэндальфом...'
121	'Deathwreaker'	'Сеятель Смерти'			A weapon so massive it seems beyond the strength of mortals, yet you feel the might of giants within you as you heft it.  As you grip the handle of ebony and steel, coronas of fire blaze, and mighty spells to preserve magic surge around you.  You wield the Fear of Dragons and the Despair of the Undead!	Оружие настолько огромное, что поднять его кажется за пределами возможностей смертных, но вы чувствуете в себе силы гигантов, берясь за него. Огненные вспышки и могучие заклинания сохранения магии сверкают вокруг. Вы держите Ужас Драконов и Отчаянье Мертвецов!
122	'Turmil'	'Турмиль'	{name} glows white...	{name} светится белым...	Once wielded by the High Priest of Meneltarma, this great mace gleams coldly as though moonlit, and can strike equally mighty spiritual and physical blows.	Носимый Высшим Жрецом Менельтармы, этот большой молот холодно светится, как будто освещенный луной. Он может нанести удар духовный не менее могучий, чем физический.
123	of Gothmog	Госмога	The {kind} glow{s} deep red...	{kind} светится глубоким красным...	A great crackling Balrog's whip of flame, this weapon could bring even Ungoliant to heel.	Огромный трещащий хлыст пламени Балрога. Это оружие могло поставить саму Унголиант на колени. 'Появился Госмог, верховный начальник Ангбэнда, и враги черным клином врезались в войска эльфов... Затем Госмог ударил на Фингона, и то была страшная встреча.'
124	'Belthronding'	'Бельтрондинг'			The great bow of Beleg Cúthalion, the most famous archer of the Elves.  Its backbone of black yew holds strings of bear sinew, and of old, only Beleg himself could draw them.	Большой тисовый лук Белега Куталиона, с тетивой из эльфийских волос, слабо светящейся чистым бледным золотом.
125	of Bard	Барда			The great yew bow of grim-faced Bard, who shot the mightiest arrow that songs record.	Огромный лук угрюмого Барда - того, кто выпустил величайшую стрелу, помянутую когда-либо в песне.
126	'Cubragol'	'Кубрагол'			A crossbow that grants fiery speed to he who finds it, and from which shoot bolts that blaze with flame unquenchable.	Арбалет, дающий огненную скорость нашедшему его, и позволяющий стрелять болтами, горящими негасимым пламенем.
127	of Umbar	Умбара	Your {kind} form{s} a magical arrow...	Ваш {kind} формирует магическую стрелу...	A great brazen arbalest with arms of gleaming steel.  It shoots quarrels with mighty power for those brave enough to risk betrayal.	Огромный стальной арбалет с могучим ударом, для тех, кто достаточно смел, чтобы рисковать предательством.
128	of Amrod	Амрода			One of a pair of hunting bows once belonging to Fëanor's two youngest sons.  The bows are like and yet unlike, much as the twin brothers were.	Охотничий лук одного из младших сыновей-близнецов Феанора. Похожи и непохожи они были в своих странствиях среди зеленых эльфов Оссирианда.
129	of Amras	Амраса			One of a pair of hunting bows once belonging to Fëanor's two youngest sons.  The bows are like and yet unlike, much as the twin brothers were.	Охотничий лук одного из младших сыновей-близнецов Феанора. Похожи и непохожи они были в своих странствиях среди зеленых эльфов Оссирианда.
130	of Náin	Нейна	Your {kind} pulsate{s}...	Ваш {kind} пульсирует...	A mighty Dwarven mattock, as good for hewing orc-necks as for hewing stone.  Náin, King of the Iron Hills, brought his mattock-wielding warriors to the Battle of Azanulbizar, and no Orc could withstand them, although Náin himself fell before their lord Azog.	Большой гномий заступ, хорош для ломания шей орков, как и для дробления камня. Нейн, Король Железных Холмов, привел своих войнов на битву при Азуналбизаре, и ни один орк не устоял перед ним, хоть Нейн и пал перед их командиром Азогом.
131	of Erebor	Эребора			A fine dwarven pick, good for a miner, and suitable as a weapon should the wielder ever tunnel through into a foe's stronghold.	Отличная кирка гномов, подходящая как оружие осмелившемуся делать подкоп в крепость врага.
132	of Fundin Bluecloak	Фандина Синего Плаща	The {kind} flood{s} the area with goodness...	{kind} заполняет подземелье добром...	The weapon of a mighty dwarven priest, whose shade is rumoured to haunt the halls of Angband still.	Оружие великого гнома-священника, чья тень все еще обитает в Ангбэнде.
133	of Azaghâl	Азагала			Azaghâl, Dwarf-king of Belegost, fell before Glaurung in the Battle of Unnumbered Tears.  With his final breath, Azaghâl plunged this blade into Glaurung's belly with such a blow that the Father of Dragons fled the field with all his kin, and was at first believed to be mortally wounded.	Азагал, король Белегоста, пал перед Глаурунгом в Битве Бесчисленных Слез, но своим последним ударом он нанес ему ранение настолько сильное, что Отец Драконов со всеми родичами улетел с поля боя, и был, как считали сначала, смертельно ранен. 'Когда же в ярости Глаурунг обернулся и сразил Азагала, повелителя Белегоста, Азагал последним ударом вонзил нож ему в живот и ранил дракона, и Глаурунг бежал с поля битвы, а звери Ангбэнда в панике последовали за ним.'
134	of the Haradrim	Харадрима	{name} glows in anger!	{name} горит яростью!	The painted shield of a chieftain of Far Harad, gaudy and barbaric.  Its wielder will fear nothing and fight with unnatural strength, but also draw attention to himself.	Раскрашенный щит вождя Дальнего Харада, довольно грубо сделанный. Его носитель будет незнаком со страхом, но этом же он и привлечет ненужное внимание к себе.
135	of Elros	of Elros			The shield of Elros Tar-Minyatur, founder of Númenor. Granted long life by the Valar, even his shield became imbued with power.	The shield of Elros Tar-Minyatur, founder of Númenor. Granted long life by the Valar, even his shield became imbued with power.
136	of Éowyn	Эовин			The blade of the legendary Shieldmaiden of Rohan, who slew the foul steed of the Morgul-lord before striking down the mighty Witch-king himself, whom no mortal man could hinder.	Клинок легендарной Девы Рохана, нанесшей могучий удар повелителю Моргула, против которого не мог выстоять ни один смертный человек, и убившей его ужасного летающего зверя.
137	of Radagast	of Radagast			Made of brown leather, covered with scuff marks and dust, still these boots possess the magic of Radagast, friend of birds and nature.	Made of brown leather, covered with scuff marks and dust, still these boots possess the magic of Radagast, friend of birds and nature.
138	'Stormwalker'	'Stormwalker'	{name} glows in anger!	{name} горит яростью!	And they hewed off Gelmir's hands and feet, and his head last, within sight of the Elves, and left him. By ill chance there stood Gwindor of Nargothrond, the brother of Gelmir. Now his wrath was kindled to madness, and he leapt forth on horseback, and many riders with him; and they pursued the heralds and slew them, and drove on deep into the main host.	And they hewed off Gelmir's hands and feet, and his head last, within sight of the Elves, and left him. By ill chance there stood Gwindor of Nargothrond, the brother of Gelmir. Now his wrath was kindled to madness, and he leapt forth on horseback, and many riders with him; and they pursued the heralds and slew them, and drove on deep into the main host.
